[{"line":1,"elements":[{"start_timestamp":"2024-03-20T09:23:22.428Z","line":11,"name":"Login Test using multiple crediantials","description":"","id":"multiple-logins-test;login-test-using-multiple-crediantials;;2","type":"scenario","keyword":"Scenario Outline","steps":[{"result":{"duration":4206455700,"status":"passed"},"line":4,"name":"Open RecuitX login page","match":{"location":"StepDefinations.MultipleLoginTest.open_recuit_x_login_page()"},"keyword":"Given "},{"result":{"duration":316102900,"status":"passed"},"line":5,"name":"Enter mohan.talari@ojas-it.com and mohan@1234","match":{"arguments":[{"val":"mohan.talari@ojas-it.com","offset":6},{"val":"mohan@1234","offset":35}],"location":"StepDefinations.MultipleLoginTest.enter_mohan_talari_ojas_it_com_and_mohan(java.lang.String,java.lang.String)"},"keyword":"When "},{"result":{"duration":59969000,"status":"passed"},"line":6,"name":"Click on Login","match":{"location":"StepDefinations.MultipleLoginTest.loginButton()"},"keyword":"And "},{"result":{"duration":195762000,"status":"passed"},"line":7,"name":"Validate Home page","match":{"location":"StepDefinations.MultipleLoginTest.validate_home_page()"},"keyword":"Then "}]},{"start_timestamp":"2024-03-20T09:23:27.240Z","line":12,"name":"Login Test using multiple crediantials","description":"","id":"multiple-logins-test;login-test-using-multiple-crediantials;;3","type":"scenario","keyword":"Scenario Outline","steps":[{"result":{"duration":5214959700,"status":"passed"},"line":4,"name":"Open RecuitX login page","match":{"location":"StepDefinations.MultipleLoginTest.open_recuit_x_login_page()"},"keyword":"Given "},{"result":{"duration":259125400,"status":"passed"},"line":5,"name":"Enter jayaram.yedla@ojas-it.com and 8897503250","match":{"arguments":[{"val":"jayaram.yedla@ojas-it.com","offset":6},{"val":"8897503250","offset":36}],"location":"StepDefinations.MultipleLoginTest.enter_mohan_talari_ojas_it_com_and_mohan(java.lang.String,java.lang.String)"},"keyword":"When "},{"result":{"duration":51680900,"status":"passed"},"line":6,"name":"Click on Login","match":{"location":"StepDefinations.MultipleLoginTest.loginButton()"},"keyword":"And "},{"result":{"duration":6462102000,"status":"passed"},"line":7,"name":"Validate Home page","match":{"location":"StepDefinations.MultipleLoginTest.validate_home_page()"},"keyword":"Then "}]}],"name":"Multiple logins Test","description":"","id":"multiple-logins-test","keyword":"Feature","uri":"file:src/test/resources/Features/loginMultiple.feature","tags":[]}]